,total_return,ann_return,ann_vol,sharpe,sortino,max_drawdown,calmar,n_trades,win_rate,profit_factor,avg_holding_days,avg_trade_pnl,annual_turnover
basket IS,-0.12560235034761413,-0.014828641900270112,0.025944829304317664,-0.5715451709602256,-0.43714796964400227,-0.1313538497183092,-0.11289080550033678,,0.1603356890459364,,,,
basket OOS,0.04833763705724459,0.007909151877642628,0.027256229812770715,0.29017776603633016,0.2336289781433918,-0.06810920738357029,0.11612456203022149,,0.19801324503311257,,,,
KO/PEP OOS,-0.038961369843636295,-0.0066102736476074675,0.014221011704789049,-0.464824429149538,-0.1385596217823893,-0.06353829431754454,-0.10403605760285892,13.0,0.6923076923076923,0.6025064288241658,5.769230769230769,-0.0019350123099183697,4.339072847682119
XOM/CVX OOS,-0.05946187466440234,-0.010178559235202389,0.020591902265658265,-0.4942991232129864,-0.1695090328998593,-0.08975011382573173,-0.11340998692175647,7.0,0.42857142857142855,0.35808179719089833,14.571428571428571,-0.007589676931507821,2.1695364238410595
V/MA OOS,-0.002646232062144094,-0.0004421104257127384,0.020114724605350912,-0.02197944214434476,-0.011006707058966706,-0.06255901031744837,-0.007067094307747211,14.0,0.5,1.2439755865235016,10.928571428571429,0.0008766079730141033,4.6728476821192055
GLD/GDX OOS,0.14359845405879912,0.022645528749051014,0.021135863898265182,1.0714266924717348,0.9464390179958488,-0.009582701633972013,2.3631674671753795,8.0,0.875,55.02125892534375,9.625,0.018052787906756504,2.670198675496689
USO/XLE OOS,0.04963654105799109,0.008117455500291415,0.02458361848014554,0.33019774964565585,0.08255463396340844,-0.03134605930807011,0.25896255157666853,5.0,0.6,3.36853184245286,11.0,0.01092703549843066,1.6688741721854305
EWA/EWC OOS,-0.0031667287238080766,-0.0005291856681514107,0.009377755608683154,-0.056429884743575666,-0.014835211232591752,-0.017719608378288676,-0.029864411044197035,8.0,0.625,1.4009790799985113,7.375,0.0006159125171771446,2.670198675496689
EWJ/EWG OOS,-0.004781147488972515,-0.0007995071520155994,0.02467979533017663,-0.0323952099812603,-0.019197453513361558,-0.08081954398648639,-0.009892497687802876,13.0,0.5384615384615384,1.1555558101380348,12.307692307692308,0.0007422841407782172,4.339072847682119
