commission_bps,slippage_bps,borrow_bps,single_sharpe,single_ann_return,basket_sharpe,basket_ann_return
0,0,0,0.16557167308797524,0.003676231962458809,0.08723455225925471,0.00232829586233807
0,0,50,0.15515620443689793,0.0034447571939102417,0.0675928011925532,0.0018040982864726551
0,0,100,0.14474097690547122,0.003213333110942962,0.04796541787820141,0.0012802664252973273
0,0,200,0.12391187136058479,0.0027506369597141145,0.008755219305350791,0.0002337064329263061
0,5,0,0.08729824912468928,0.001935894409880845,-0.043148139773443145,-0.0011408917359864157
0,5,50,0.0768815028397114,0.0017048125170866513,-0.06259015147862011,-0.0016550222256614955
0,5,100,0.06646567834164142,0.0014737812257288319,-0.08201569016292143,-0.002168764906794629
0,5,200,0.045637423218551326,0.0010118704053510008,-0.1208159143668577,-0.0031950803655063087
0,10,0,0.008911078948704913,0.00019770650246919708,-0.17989856317079186,-0.0047644884771236296
0,10,50,-0.0014866701131322016,-3.298298934650834e-05,-0.19932063131070207,-0.005279094911704418
0,10,100,-0.011882812888041305,-0.0002636219637714987,-0.21872590598572095,-0.00579333095261203
0,10,200,-0.03266965253111997,-0.000724748402352926,-0.2574875866456393,-0.00682076455070002
0,20,0,-0.14657994652686843,-0.003272226704335912,-0.4440792484516885,-0.011869657765897879
0,20,50,-0.1568797268842276,-0.003502132817154835,-0.4632045502825488,-0.012381814118978984
0,20,100,-0.16717656411272874,-0.0037319885803770436,-0.48231395614835404,-0.012893690524049317
0,20,200,-0.18776079630519188,-0.004191549099798575,-0.5204974788665494,-0.013916991361205278
5,0,0,0.08729824912468928,0.001935894409880845,-0.043148139773443145,-0.0011408917359864157
5,0,50,0.0768815028397114,0.0017048125170866513,-0.06259015147862011,-0.0016550222256614955
5,0,100,0.06646567834164142,0.0014737812257288319,-0.08201569016292143,-0.002168764906794629
5,0,200,0.045637423218551326,0.0010118704053510008,-0.1208159143668577,-0.0031950803655063087
5,5,0,0.008911078948704913,0.00019770650246919708,-0.17989856317079186,-0.0047644884771236296
5,5,50,-0.0014866701131322016,-3.298298934650834e-05,-0.19932063131070207,-0.005279094911704418
5,5,100,-0.011882812888041305,-0.0002636219637714987,-0.21872590598572095,-0.00579333095261203
5,5,200,-0.03266965253111997,-0.000724748402352926,-0.2574875866456393,-0.00682076455070002
5,10,0,-0.06918185875166125,-0.001538333341739806,-0.31413643753378456,-0.008347541103511102
5,10,50,-0.07954046202354532,-0.0017686309070107376,-0.3334352133277182,-0.008860880775728774
5,10,100,-0.08989678166337906,-0.0019988780388376926,-0.352718713056455,-0.009373922144419233
5,10,200,-0.11060194825889896,-0.0024592210439946527,-0.3912390700077128,-0.010399119694787906
5,20,0,-0.22290002479249452,-0.005003975166534946,-0.5646012619336593,-0.015204434659288557
5,20,50,-0.23312210132466113,-0.005233490300652899,-0.5835587563545598,-0.01571616758584249
5,20,100,-0.24334060301994465,-0.005462955168922257,-0.6024991633398924,-0.016227599375481128
5,20,200,-0.26376628134185776,-0.005921734149614499,-0.6403277767564637,-0.017249563491348097
10,0,0,0.008911078948704913,0.00019770650246919708,-0.17989856317079186,-0.0047644884771236296
10,0,50,-0.0014866701131322016,-3.298298934650834e-05,-0.19932063131070207,-0.005279094911704418
10,0,100,-0.011882812888041305,-0.0002636219637714987,-0.21872590598572095,-0.00579333095261203
10,0,200,-0.03266965253111997,-0.000724748402352926,-0.2574875866456393,-0.00682076455070002
10,5,0,-0.06918185875166125,-0.001538333341739806,-0.31413643753378456,-0.008347541103511102
10,5,50,-0.07954046202354532,-0.0017686309070107376,-0.3334352133277182,-0.008860880775728774
10,5,100,-0.08989678166337906,-0.0019988780388376926,-0.352718713056455,-0.009373922144419233
10,5,200,-0.11060194825889896,-0.0024592210439946527,-0.3912390700077128,-0.010399119694787906
10,10,0,-0.14657994652686843,-0.003272226704335912,-0.4440792484516885,-0.011869657765897879
10,10,50,-0.1568797268842276,-0.003502132817154835,-0.4632045502825488,-0.012381814118978984
10,10,100,-0.16717656411272874,-0.0037319885803770436,-0.48231395614835404,-0.012893690524049317
10,10,200,-0.18776079630519188,-0.004191549099798575,-0.5204974788665494,-0.013916991361205278
10,20,0,-0.2977854574277937,-0.006733580309179699,-0.6829892082909218,-0.01856058570034924
10,20,50,-0.3079120355269294,-0.0069627049380061035,-0.7018113198237838,-0.01907381102027106
10,20,100,-0.31803444366190353,-0.007191779384633223,-0.7206162947956328,-0.019586756110948733
10,20,200,-0.33826616488205485,-0.007649777772920308,-0.7581738232973901,-0.020611806315436132
20,0,0,-0.14657994652686843,-0.003272226704335912,-0.4440792484516885,-0.011869657765897879
20,0,50,-0.1568797268842276,-0.003502132817154835,-0.4632045502825488,-0.012381814118978984
20,0,100,-0.16717656411272874,-0.0037319885803770436,-0.48231395614835404,-0.012893690524049317
20,0,200,-0.18776079630519188,-0.004191549099798575,-0.5204974788665494,-0.013916991361205278
20,5,0,-0.22290002479249452,-0.005003975166534946,-0.5646012619336593,-0.015204434659288557
20,5,50,-0.23312210132466113,-0.005233490300652899,-0.5835587563545598,-0.01571616758584249
20,5,100,-0.24334060301994465,-0.005462955168922257,-0.6024991633398924,-0.016227599375481128
20,5,200,-0.26376628134185776,-0.005921734149614499,-0.6403277767564637,-0.017249563491348097
20,10,0,-0.2977854574277937,-0.006733580309179699,-0.6829892082909218,-0.01856058570034924
20,10,50,-0.3079120355269294,-0.0069627049380061035,-0.7018113198237838,-0.01907381102027106
20,10,100,-0.31803444366190353,-0.007191779384633223,-0.7206162947956328,-0.019586756110948733
20,10,200,-0.33826616488205485,-0.007649777772920308,-0.7581738232973901,-0.020611806315436132
20,20,0,-0.44200199215167363,-0.010186366957305792,-0.907007196820389,-0.0252259747887138
20,20,50,-0.4518897014026662,-0.010414711994412906,-0.9254027666160842,-0.0257398006896834
20,20,100,-0.4617721878929555,-0.010643007016321593,-0.9437815390882868,-0.026253361285908716
20,20,200,-0.48152094584890937,-0.011099447056040379,-0.9804878124410259,-0.02727968758149324
