gate_window,gate_p,segment,sharpe,ann_return,gate_open
120,0.05,IS,-0.6725875666012586,-0.018374135092175004,0.12711030358089181
120,0.05,OOS,-0.31744020328094186,-0.008856558616497145,0.12711030358089181
120,0.1,IS,-0.2625468775308761,-0.00754937291429314,0.21598909834203953
120,0.1,OOS,-0.3211564210713568,-0.009917952556754872,0.21598909834203953
120,0.2,IS,-0.6675902413978632,-0.018607696111973993,0.34385646150352034
120,0.2,OOS,-0.8868359190451642,-0.020803408300196446,0.34385646150352034
250,0.05,IS,-0.2689393671523391,-0.008641381463433295,0.11700355818002879
250,0.05,OOS,-0.16112642559091528,-0.003989445214810594,0.11700355818002879
250,0.1,IS,-0.5715451709602256,-0.014828641900270112,0.16307063365886895
250,0.1,OOS,0.29017776603633016,0.007909151877642628,0.16307063365886895
250,0.2,IS,-0.19556690909459007,-0.004616874507021085,0.2356347944583239
250,0.2,OOS,0.3614726047448087,0.009934143883047364,0.2356347944583239
500,0.05,IS,-0.24458298505796824,-0.00595805202322508,0.1617079264138088
500,0.05,OOS,0.3177039276462282,0.01285722082385976,0.1617079264138088
500,0.1,IS,-0.23025973397126193,-0.005487911653639488,0.19800893330305094
500,0.1,OOS,0.5159712130466334,0.018822604466511628,0.19800893330305094
500,0.2,IS,-0.505242682643308,-0.011859985975316789,0.24649859943977592
500,0.2,OOS,0.01923990394204063,0.0006475252728443959,0.24649859943977592
