ticker_y,ticker_x,nobs,eg_stat,eg_pvalue,eg_crit_5%,resid_adf_stat,resid_adf_pvalue,ols_beta,half_life
CVX,EWA,2264,-4.2473590222233195,0.0030887008294114057,-3.338831332312993,-4.246368640790354,0.0005494237339866713,1.4744975329726329,46.12667674820166
EWA,EWG,2264,-3.591208730069202,0.02512191364152044,-3.338831332312993,-3.590404274618599,0.00594714963703446,0.5541681424223596,61.21269072080972
PEP,V,2264,-3.411376226873787,0.041102541114695516,-3.338831332312993,-3.410671433557497,0.010600418186941175,0.43040151400143595,70.57895825977856
KO,MA,2264,-3.3975438922491796,0.04262400153931613,-3.338831332312993,-3.3972358941056853,0.011053461468263158,0.32126739946207344,69.89374908428573
EWA,XOM,2264,-3.2612280790089496,0.060271207208198334,-3.338831332312993,-3.2604634578336653,0.016740947158230175,0.6359812159919526,72.24807241219705
KO,V,2264,-3.2306915321576475,0.06494337358346598,-3.338831332312993,-3.2306153138659415,0.018279545243806476,0.32449122014495996,78.48022014647906
EWA,XLE,2264,-3.223162746231369,0.06613888973365471,-3.338831332312993,-3.2223074995082137,0.01872920444565536,0.6883505617369156,70.36134788792195
EWJ,PEP,2264,-3.1516941382218855,0.0783844481327521,-3.338831332312993,-3.1509940987154663,0.02300242368392647,0.5805872003673141,68.5180139390359
EWG,EWJ,2264,-3.141093954251904,0.08034358959357524,-3.338831332312993,-3.1412692525165795,0.02364603477614399,0.9945099845246862,76.7033768106113
EWG,GDX,2264,-2.9886948826741047,0.1129172244661577,-3.338831332312993,-2.9893868463404205,0.035897492793900705,-0.342845513454066,75.1946913953473
GLD,PEP,2264,-2.8819187432689812,0.1410055593285361,-3.338831332312993,-2.881439690737863,0.04754927116948841,-0.26720289556153626,124.71648739462067
GDX,GLD,2264,-2.826874977428237,0.157283310297268,-3.338831332312993,-2.8606707276888916,0.050116333916999045,2.3750430789405934,203.9855800698965
EWC,USO,2264,-2.7730697439537053,0.1744038652083893,-3.338831332312993,-2.7767989643816744,0.061665057240550214,0.00047096259315833653,93.59265515401638
EWG,GLD,2264,-2.7542849895163735,0.18066420201097755,-3.338831332312993,-2.76282215958553,0.06378372649198957,-0.7018491137143992,130.90397712170503
EWC,GLD,2264,-2.7531837858182326,0.1810357469799,-3.338831332312993,-2.7567393831427736,0.06472387305808432,0.015348180150968182,94.22348671164964
EWG,PEP,2264,-2.7522547089250518,0.18134960840547443,-3.338831332312993,-2.7503990707466084,0.06571562732358542,0.5832934130031476,93.405622668092
EWC,GDX,2264,-2.7461463240382384,0.18342207633225338,-3.338831332312993,-2.745730344803286,0.066453666050414,-0.022662067984486202,89.45321929520732
EWA,GDX,2264,-2.740577782273224,0.1853248871648408,-3.338831332312993,-2.7431610392062384,0.06686264632880976,-0.1357101649114357,73.31294247366287
EWC,EWG,2264,-2.720347596367821,0.1923459527359353,-3.338831332312993,-2.7196127676526634,0.07070545825821113,0.30880182493251457,98.6653614948653
GDX,PEP,2264,-2.7041361329457194,0.19809459599077117,-3.338831332312993,-2.703494553764391,0.07343550832510773,-1.243998966962178,106.83192630350584
CVX,KO,2264,-2.700949172764459,0.1992374724496086,-3.338831332312993,-2.7003611587827487,0.07397579364566392,0.8099383091989301,108.67138112224576
CVX,MA,2264,-2.6991427663295644,0.19988712839242334,-3.338831332312993,-2.6986222541029408,0.0742769828390104,0.2634937619564159,117.3676391280452
EWA,V,2264,-2.6786367954221864,0.20735604355668635,-3.338831332312993,-2.6796000023344444,0.07763537223228671,0.1313351063184634,68.90455214949047
EWC,MA,2264,-2.678319215736053,0.2074730739008827,-3.338831332312993,-2.6774579260294327,0.07802091903905448,0.05401618004133575,91.46441467195056
EWA,MA,2264,-2.6676272579241145,0.21143722608861615,-3.338831332312993,-2.667768379838831,0.07978373215333123,0.13564460705738676,64.70661034173418
EWC,PEP,2264,-2.6621371894339796,0.21349087136716477,-3.338831332312993,-2.6613896283471723,0.08096114163945606,0.1094993635584989,92.76985761402074
MA,V,2264,-2.6406522999025315,0.22164542880351812,-3.338831332312993,-2.640204050844677,0.08496928472827997,1.0119345424139412,84.07378002560041
EWC,V,2264,-2.6327501127448834,0.224691654804473,-3.338831332312993,-2.6341435702181353,0.0861437923513027,0.04742564929796146,92.52623370642256
EWJ,V,2264,-2.622624942859833,0.22863150039373853,-3.338831332312993,-2.6213968434071293,0.08865511801990578,0.25529008927147706,79.77353271129547
EWC,EWJ,2264,-2.6097739112327805,0.23291028074481296,-3.338831332312993,-2.609021113693804,0.09114708381890152,0.25883103694877774,96.88699781866308
GLD,V,2264,-2.599417061390209,0.23706501917380812,-3.338831332312993,-2.598941917755508,0.09321614877326256,-0.10865360548977968,146.02935707323573
EWC,KO,2264,-2.5962810678305206,0.23833154422866587,-3.338831332312993,-2.595412631834777,0.09394909462529177,0.15304199907123436,95.57247532669189
EWA,GLD,2264,-2.5888816192529482,0.24133549437813412,-3.338831332312993,-2.5951226459477392,0.09400951322199252,-0.13082206296546695,100.24961162973254
EWA,KO,2264,-2.5774471292167953,0.24602023208517287,-3.338831332312993,-2.576747216670741,0.09789900627334724,0.40136587439266064,69.22615795281983
EWA,EWJ,2264,-2.5732737218370176,0.2477429029885862,-3.338831332312993,-2.57559310882755,0.09814732261170461,0.5133208715780412,78.67623001413197
GDX,KO,2264,-2.5490536783750963,0.25787375818065217,-3.338831332312993,-2.548438067250125,0.1041290744946694,-1.5047514123598449,121.28564641118822
EWA,USO,2264,-2.5378905852032614,0.2626186478583422,-3.338831332312993,-2.540914177126303,0.1058340954700811,-0.07227177378272685,89.96972327822648
XLE,XOM,2264,-2.5290849450582864,0.2663945455177267,-3.338831332312993,-2.5284451810008366,0.10870579899598343,0.8823426976255191,138.12078273264376
GLD,MA,2264,-2.505830609049797,0.27650361978960925,-3.338831332312993,-2.505380375852395,0.11417070365613158,-0.09471268081582059,157.12378349897395
GLD,USO,2264,-2.505142740427528,0.2768056406881062,-3.338831332312993,-2.5046653179878735,0.11434332515464174,0.1315282640470246,153.83492702599247
EWG,V,2264,-2.5049893560113694,0.2768730100046115,-3.338831332312993,-2.5024339380212304,0.11488324397358124,0.2576814717450541,98.5445844068678
EWG,KO,2264,-2.4950765527170526,0.2812447226299433,-3.338831332312993,-2.4943135293829517,0.11686404228168762,0.7279865048847842,118.07918464596796
EWA,PEP,2264,-2.4734356118728784,0.29090870887843384,-3.338831332312993,-2.4739820703007194,0.12193377700487018,0.28932933496269414,72.46705356095312
EWG,USO,2264,-2.4689830080304818,0.2929170784746197,-3.338831332312993,-2.4693557805948263,0.12310952019762922,-0.21423649211624352,130.8782858294632
CVX,EWG,2264,-2.4531908762136494,0.30009393969486536,-3.338831332312993,-2.45306456837251,0.1273157187464795,0.8706808833493181,137.97229468523102
EWC,XOM,2264,-2.4394377932477407,0.30641100761175666,-3.338831332312993,-2.439367015122594,0.1309321510835042,0.31794039562660015,108.06215674127795
EWG,MA,2264,-2.436125367369897,0.3079415761286594,-3.338831332312993,-2.432565053875324,0.1327552835980948,0.2566625863329281,97.21556449412554
EWA,EWC,2264,-2.4209016483301173,0.3150204274642585,-3.338831332312993,-2.4198227041553118,0.13621957839977233,1.1460763768587507,93.20022415186698
CVX,V,2264,-2.4039783056964645,0.32297307722581503,-3.338831332312993,-2.404236463868323,0.14054426656925817,0.2547722526535853,132.572153783961
EWJ,GDX,2264,-2.399397728420745,0.32514028564536107,-3.338831332312993,-2.3988417516267644,0.14206358263112795,-0.3271110314526655,91.80062752420189
GLD,KO,2264,-2.392100684312967,0.3286053669140132,-3.338831332312993,-2.3916954628400044,0.1440940347079921,-0.21018342191051959,172.5468720574146
EWJ,KO,2264,-2.3682302298753455,0.3400456535663259,-3.338831332312993,-2.3676936071208416,0.15106298624697495,0.6859634118872961,134.44775692201463
CVX,GDX,2264,-2.3541260127245582,0.3468779366380089,-3.338831332312993,-2.354824849652117,0.1548946341182837,-0.2694347580622429,142.4050252390809
GDX,V,2264,-2.3528790852520007,0.347484463807829,-3.338831332312993,-2.3521847922989005,0.1556889476677082,-0.5569469883124841,114.18421432535929
CVX,PEP,2264,-2.343664518753491,0.3519788531587782,-3.338831332312993,-2.343198470585508,0.15841372683263633,0.5493468932109818,157.03878953116245
KO,PEP,2264,-2.3395947071448084,0.35397066955994977,-3.338831332312993,-2.3390248500559565,0.15969031289979857,0.7299686547846073,151.75643018201845
EWJ,USO,2264,-2.335523584287062,0.35596720133983406,-3.338831332312993,-2.3349913599058283,0.16093072524976693,-0.25281277710948424,109.40505797170985
MA,PEP,2264,-2.3162811987200707,0.36545736321837285,-3.338831332312993,-2.315604820003127,0.16698448757136347,2.2094727167835706,124.92395862538154
EWJ,MA,2264,-2.308907537818116,0.36911652129942774,-3.338831332312993,-2.3077329374399564,0.16948607357668216,0.24983901925784524,85.00035428548573
EWC,XLE,2264,-2.3005344542685964,0.37328612626090685,-3.338831332312993,-2.3000361839659687,0.17195630173161813,0.44816768607251384,112.44184843830341
PEP,USO,2264,-2.2830852198400997,0.38202278611201135,-3.338831332312993,-2.2832752809897627,0.1774187732417003,-0.463109872263286,133.01248911105293
KO,USO,2264,-2.27845044327197,0.3843536689627929,-3.338831332312993,-2.279425159417386,0.17868964935163978,-0.31815185225489634,160.73722470686687
CVX,EWJ,2264,-2.231289829867661,0.4082915531080817,-3.338831332312993,-2.2322986059667285,0.1947324124340885,0.8632104177178566,166.95904129390684
GDX,MA,2264,-2.22084882255501,0.4136396935884434,-3.338831332312993,-2.220177927925428,0.19900370640118925,-0.5340499105658788,125.14693170916235
EWJ,GLD,2264,-2.2115133984331474,0.4184344708369801,-3.338831332312993,-2.2138343348111094,0.20126276094415102,-0.7974346353550252,129.69839598532604
CVX,USO,2264,-2.185739424645132,0.43172912335027547,-3.338831332312993,-2.1865614506381554,0.21115897840577202,-0.1719784353896466,168.25534379872022
GDX,XOM,2264,-2.0882860474041176,0.482491677515051,-3.338831332312993,-2.087307404094488,0.2496488913212132,-1.7505229871225287,137.0110514089671
GLD,XOM,2264,-2.0591908504594643,0.4977056597639932,-3.338831332312993,-2.0588229500734174,0.261391027135333,-0.1261027664601435,211.35723152103014
CVX,GLD,2264,-2.0387122626959364,0.508405220905937,-3.338831332312993,-2.041507074692929,0.2686753018638095,-0.14220917580846007,232.7464939101533
GLD,XLE,2264,-1.997196281091172,0.5300351934532618,-3.338831332312993,-1.9968271438312368,0.2879660165882185,-0.08061495230362885,219.6511814572232
EWG,XOM,2264,-1.9588450309056036,0.5498933067446781,-3.338831332312993,-1.9582793219338894,0.3051602625622162,0.9763463230352295,168.63179103293558
GDX,XLE,2264,-1.7648625388249288,0.6466272430789279,-3.338831332312993,-1.7637987323727367,0.3985768764781863,-1.3585351733317246,179.98586515015776
GDX,USO,2264,-1.762566377670839,0.6477202605958244,-3.338831332312993,-1.7622057291650313,0.39938026812358235,0.5331997317627729,259.79386795488807
USO,V,2264,-1.7377195806020662,0.6594511675726941,-3.338831332312993,-1.7372958657443465,0.41200615062197926,-0.6908784093439743,233.21287180070905
CVX,EWC,2264,-1.7054211585885002,0.6744237089657015,-3.338831332312993,-1.7047469016880339,0.4286684048691461,1.5328377387040086,246.98767680521186
EWG,XLE,2264,-1.5600374548081228,0.7374584102398474,-3.338831332312993,-1.5591218804836207,0.504088606128208,0.9449747637538829,222.67766390271666
MA,USO,2264,-1.5544980840545681,0.7397071157950388,-3.338831332312993,-1.5543017379266935,0.506498722509267,-0.9600491549644526,291.64241605517714
KO,XOM,2264,-1.5424193417844,0.744569364169513,-3.338831332312993,-1.541176867778148,0.5130523852409011,1.2243528149216434,198.48479594044042
CVX,XOM,2264,-1.4580121292024357,0.7769381183515561,-3.338831332312993,-1.4568812315193247,0.5547236373622442,1.2325890264286201,233.73655263221275
EWJ,XOM,2264,-1.1341834929127164,0.8743034695540345,-3.338831332312993,-1.1319393524966186,0.7021682929608292,0.7458602104653683,350.7462520243532
PEP,XOM,2264,-1.0342391622055154,0.8961586408312865,-3.338831332312993,-1.033425158075625,0.7408789128728457,1.3527160595390904,439.3363380157663
MA,XOM,2264,-0.9568082309664511,0.9107374631371707,-3.338831332312993,-0.9558270932635026,0.7690326612700242,3.3510507033266146,415.45830245823794
V,XOM,2264,-0.9363788877789249,0.9142645043230552,-3.338831332312993,-0.9355288766418147,0.776047254274852,3.164597645604987,457.49776499908404
USO,XOM,2264,-0.9351434040569284,0.9144736911284013,-3.338831332312993,-0.9334134686410234,0.7767698700990235,-1.5018893824104724,484.3352503431536
KO,XLE,2264,-0.8308391255186898,0.930528792970218,-3.338831332312993,-0.8296769253053334,0.8102489094313075,0.9037683339748583,589.1259112387665
EWJ,XLE,2264,-0.712971430745877,0.9452206566540855,-3.338831332312993,-0.7084475486941986,0.8445492815030244,0.6488342895440901,520.9729801581118
PEP,XLE,2264,-0.6136297148768834,0.955185802671196,-3.338831332312993,-0.612716421475714,0.8680826696208473,0.9596360256548292,1031.9651439347383
USO,XLE,2264,-0.575496992709852,0.9585016026995657,-3.338831332312993,-0.5736038047881996,0.8768356356631143,-0.3443683098716155,1410.6816446488856
CVX,XLE,2264,-0.5144046625272017,0.9632901384548296,-3.338831332312993,-0.5128996597629167,0.8894745370401143,1.1591307078999158,926.8661253743868
MA,XLE,2264,-0.44449113620349673,0.9680567273789034,-3.338831332312993,-0.30752820576434753,0.9244313248979399,2.5959798617588676,1857.5569534797278
V,XLE,2264,-0.2441619670750862,0.9782953285865963,-3.338831332312993,-0.24312223976610756,0.9331825449416489,2.3208127818075304,2633.2628704357226
