ticker_y,ticker_x,nobs,eg_stat,eg_pvalue,eg_crit_5%,resid_adf_stat,resid_adf_pvalue,ols_beta,half_life,p_adj,reject_fdr,econ_group
EWA,XLE,1258,-4.028968375074909,0.006526951807715742,-3.340995177409055,-4.027455195386385,0.001273378002592207,0.6198781726542286,31.668304647933287,0.5939526145021324,False,
EWG,EWJ,1258,-3.3188490266766086,0.05219720855469097,-3.340995177409055,-3.3188967146996053,0.014054633774092511,1.4394591461568913,49.69945791138538,0.6704026921110178,False,EWJ/EWG
EWA,XOM,1258,-3.298578335399457,0.05493022609857671,-3.340995177409055,-3.297173260340589,0.015005303638153727,0.6080293763130314,39.855056389139996,0.6704026921110178,False,
GDX,PEP,1258,-3.2773177395129096,0.05792102120575125,-3.340995177409055,-3.2773598442784904,0.01592132374561465,-1.9475427418799276,30.956522777902936,0.6704026921110178,False,
EWA,MA,1258,-3.256543790853065,0.06096974650024973,-3.340995177409055,-3.2541091449982504,0.017058633099623965,0.21645133406530645,43.927545272427466,0.6704026921110178,False,
CVX,KO,1258,-3.2226376004243202,0.06622293256479882,-3.340995177409055,-3.2211011046772535,0.018795296910755082,1.111288229249082,39.20699296033754,0.6704026921110178,False,
EWC,EWG,1258,-3.196601367071677,0.0704980062437731,-3.340995177409055,-3.1955543761554157,0.020243455817807243,0.38879276404277696,51.90577619959827,0.6704026921110178,False,
EWA,KO,1258,-3.178099835490478,0.07366722804908893,-3.340995177409055,-3.1766565304820165,0.021376280476737692,0.5666507923361268,42.29652223980259,0.6704026921110178,False,
EWJ,GDX,1258,-3.1199848970988917,0.08435898701308431,-3.340995177409055,-3.118267284886886,0.02523053254783903,-0.2464940185659823,26.95936767755442,0.6704026921110178,False,
EWA,V,1258,-3.1140053369941554,0.0855243601031172,-3.340995177409055,-3.111446604883534,0.025717604134513777,0.22781405354603457,46.30044385047635,0.6704026921110178,False,
EWA,PEP,1258,-3.0674167503861254,0.09503642220150804,-3.340995177409055,-3.065769204925045,0.02919233477219766,0.5905417410589148,42.46548413399767,0.6704026921110178,False,
EWA,EWG,1258,-3.043784026351237,0.10016117597067231,-3.340995177409055,-3.0425370049694824,0.031108438000144713,0.6390221911838356,46.684051938953885,0.6704026921110178,False,
CVX,XOM,1258,-2.956433510970391,0.12092784471753659,-3.340995177409055,-2.9553864324700077,0.03927604626213495,1.137608167429646,53.619971789553546,0.6704026921110178,False,XOM/CVX
CVX,EWA,1258,-2.9513869934200523,0.12221773488406096,-3.340995177409055,-2.9501676097410225,0.03981750694141211,1.4375678458141796,54.614458912771745,0.6704026921110178,False,
EWC,EWJ,1258,-2.9105615923222876,0.1330242634264911,-3.340995177409055,-2.910252292544373,0.04416871869446553,0.5294111702684621,57.2847602510014,0.6704026921110178,False,
EWJ,PEP,1258,-2.897626888289838,0.13658738820438754,-3.340995177409055,-2.8965157230512544,0.045754674320630635,0.5187699749415129,49.538979880939685,0.6704026921110178,False,
GDX,V,1258,-2.895062218604887,0.13730190796674946,-3.340995177409055,-2.893842127591128,0.046068774539137096,-0.7748683145496654,46.73036883054867,0.6704026921110178,False,
EWA,GDX,1258,-2.885727957428981,0.1399249541333687,-3.340995177409055,-2.8840004877082728,0.04724040784566316,-0.22299457739847037,39.6007888888954,0.6704026921110178,False,
KO,XOM,1258,-2.8659080611548,0.14561216897400503,-3.340995177409055,-2.8645173119310603,0.04963247575178889,0.9528491520858791,51.8407245398992,0.6704026921110178,False,
EWG,GDX,1258,-2.8599906509033386,0.1473412510134105,-3.340995177409055,-2.861007242989691,0.05007384976210699,-0.3685245440398619,43.987208372630555,0.6704026921110178,False,
EWC,GDX,1258,-2.7800038200208634,0.1721300260197951,-3.340995177409055,-2.779353700254044,0.06128400261714915,-0.08908149488570187,48.28472016871264,0.6825301015283787,False,
EWA,EWJ,1258,-2.7747134129473405,0.17386306238420646,-3.340995177409055,-2.77386368768718,0.062105228380686044,0.9014043865708928,60.092714764447216,0.6825301015283787,False,
PEP,V,1258,-2.7593626192945115,0.17895753338108417,-3.340995177409055,-2.7581957334235683,0.06449777481659834,0.37877876039283787,62.02533529889247,0.6825301015283787,False,
KO,MA,1258,-2.7562337149991394,0.18000793886462735,-3.340995177409055,-2.7552686734821905,0.06495284562002254,0.36366740918084295,63.42484519619835,0.6825301015283787,False,
EWC,PEP,1258,-2.7047400186019623,0.19787850873057272,-3.340995177409055,-2.7036047902985962,0.07341655745564783,0.29197314787611905,53.59214176708889,0.7202777717792846,False,
EWG,PEP,1258,-2.6672093836216955,0.2115931060993645,-3.340995177409055,-2.6655955908041378,0.08018327691702581,0.8561150168992598,66.3492781182949,0.7405758713477758,False,
EWC,MA,1258,-2.5588083817309357,0.2537663190512279,-3.340995177409055,-2.558000483241878,0.10199206230148161,0.09233370136886614,60.13999555571283,0.7990480588439531,False,
EWC,KO,1258,-2.5352975519831547,0.2637275417837308,-3.340995177409055,-2.5343178782376032,0.10734609284291019,0.26054113325108497,59.075849874068545,0.7990480588439531,False,
EWG,XLE,1258,-2.528050862182302,0.26683986028355244,-3.340995177409055,-2.5271412362309973,0.10900944142418911,0.8547845599946485,72.39153543302778,0.7990480588439531,False,
EWC,XLE,1258,-2.485655606270232,0.28543172732153976,-3.340995177409055,-2.48459500295678,0.11926766004164652,0.36318278227347817,56.93450029019498,0.7990480588439531,False,
EWC,XOM,1258,-2.479152958322244,0.28833979629922035,-3.340995177409055,-2.4782085350499017,0.1208668489231019,0.3186362884914367,59.778965121439484,0.7990480588439531,False,
EWC,V,1258,-2.4740781669529683,0.29061943836903126,-3.340995177409055,-2.4734277101516473,0.12207422936141016,0.09018611039607537,61.40845736605641,0.7990480588439531,False,
CVX,MA,1258,-2.470513929913549,0.29222578867887083,-3.340995177409055,-2.4695793396347105,0.1230525142826156,0.411218324582062,83.72157557814897,0.7990480588439531,False,
EWC,GLD,1258,-2.412662885100157,0.3188812164221171,-3.340995177409055,-2.4122375918428642,0.13831218692340386,-0.046608785506478866,65.62173557040569,0.7990480588439531,False,
GDX,MA,1258,-2.3719818061807545,0.33823724564249424,-3.340995177409055,-2.3708723846406516,0.15012676454049967,-0.6850133819313129,66.9622051329018,0.7990480588439531,False,
EWG,V,1258,-2.363376821937694,0.34239079253518334,-3.340995177409055,-2.3632414276644553,0.1523810777519055,0.32160307903733865,84.50919688922731,0.7990480588439531,False,
EWG,KO,1258,-2.316483900411759,0.3653569453229103,-3.340995177409055,-2.315924683534861,0.16688337000537184,0.7149929816359221,103.12836511871735,0.7990480588439531,False,
XLE,XOM,1258,-2.278187971284008,0.3844857942054294,-3.340995177409055,-2.2768880726814875,0.17953039689917727,0.9974395224423654,86.36449596179624,0.7990480588439531,False,
EWJ,MA,1258,-2.2561251528294632,0.39563786901170356,-3.340995177409055,-2.2553728186317072,0.18676512627783426,0.17083084578146449,72.07475209430922,0.7990480588439531,False,
KO,V,1258,-2.2419778747366794,0.4028337936319908,-3.340995177409055,-2.24540138664477,0.19018173485578627,0.37488085602834126,88.7928927282679,0.7990480588439531,False,
EWJ,V,1258,-2.2335941258376515,0.40711339778601874,-3.340995177409055,-2.2326601784715345,0.19460590546992468,0.18810440808783574,67.11993042817532,0.7990480588439531,False,
CVX,EWJ,1258,-2.212174099880407,0.41809474285282994,-3.340995177409055,-2.2238143354884348,0.19771602802052263,1.2688418090089737,157.0380133965924,0.7990480588439531,False,
EWJ,GLD,1258,-2.1864363007470278,0.43136866180095323,-3.340995177409055,-2.1873981547408334,0.21085095032366896,-0.40133902808342603,65.60357119083612,0.7990480588439531,False,
MA,PEP,1258,-2.181675891230687,0.4338320143580656,-3.340995177409055,-2.1807448776642393,0.2133080261883556,2.4558575975977526,91.5700269730481,0.7990480588439531,False,
GLD,PEP,1258,-2.179705942675526,0.43485207904218215,-3.340995177409055,-2.1792828168571408,0.21385033087011152,-0.2551653993163105,130.5404051829109,0.7990480588439531,False,
MA,V,1258,-2.1738119612303484,0.43790634792286276,-3.340995177409055,-2.1731681480439606,0.2161275738865288,1.0608328291300249,65.00308006402788,0.7990480588439531,False,V/MA
EWJ,XLE,1258,-2.1574871032388616,0.44638238949508113,-3.340995177409055,-2.1575417892559847,0.22201445060799985,0.4685728539716005,73.0281951039692,0.7990480588439531,False,
EWG,MA,1258,-2.13580221215776,0.4576729004706055,-3.340995177409055,-2.134930654903767,0.23070268554616724,0.30173528822520634,85.08369394097409,0.7990480588439531,False,
EWJ,KO,1258,-2.101451181256383,0.4756086046927872,-3.340995177409055,-2.1010281657809986,0.24410137191130082,0.38650599488828274,91.12205245061512,0.7990480588439531,False,
CVX,GDX,1258,-2.098492698584853,0.4771551221093923,-3.340995177409055,-2.0991492298688486,0.24485683803930552,-0.3814771448572742,92.8617137879026,0.7990480588439531,False,
CVX,EWG,1258,-2.0949027255450647,0.4790319685405583,-3.340995177409055,-2.0944389764640445,0.24675658870564715,0.921412323822487,143.6466154956709,0.7990480588439531,False,
CVX,V,1258,-2.0659389588128105,0.4941776674684466,-3.340995177409055,-2.06525996535554,0.25871115363790853,0.417527130481332,112.67237145791748,0.7990480588439531,False,
EWG,GLD,1258,-2.061526562274453,0.4964846097397929,-3.340995177409055,-2.0672980985644878,0.2578658208077221,-0.39580935892850844,119.92244349544995,0.7990480588439531,False,
KO,XLE,1258,-2.0573866311637135,0.49864878458335365,-3.340995177409055,-2.056095198155507,0.26253124871494515,0.8598557703676138,92.72761350223261,0.7990480588439531,False,
MA,XOM,1258,-2.043039876066341,0.506145278759209,-3.340995177409055,-2.041931567375303,0.26849542783349956,2.372900740515117,92.10172242043447,0.7990480588439531,False,
EWA,GLD,1258,-2.042535638316201,0.5064086354856533,-3.340995177409055,-2.042120929420144,0.26841520878116554,-0.0500153567185292,85.88697508578106,0.7990480588439531,False,
EWA,USO,1258,-2.040930644692634,0.507246839643337,-3.340995177409055,-2.0404181861611397,0.269137003716588,-0.03712210900243497,84.74634159420847,0.7990480588439531,False,
CVX,XLE,1258,-2.037030275778896,0.5092833781642778,-3.340995177409055,-2.0362451501082544,0.270910377692548,1.063237573256149,115.98331566322756,0.7990480588439531,False,
EWG,XOM,1258,-1.9702251343530537,0.5440164615526727,-3.340995177409055,-1.9697542147015121,0.29999021023708083,0.7986833009716219,107.15647523041883,0.8296555153490763,False,
EWC,USO,1258,-1.9644016558451622,0.5470256145158745,-3.340995177409055,-1.9627686844279721,0.30313243412203156,0.11400345327430553,86.82743945316169,0.8296555153490763,False,
EWJ,XOM,1258,-1.8763998220256473,0.5919268502109158,-3.340995177409055,-1.8756893873133675,0.3435825758957911,0.409882189437961,96.96250227718937,0.8641385046472453,False,
EWA,EWC,1258,-1.8731590581743336,0.5935555613468466,-3.340995177409055,-1.8723630010160808,0.34517200144255283,1.2177753088796472,99.68008521319888,0.8641385046472453,False,EWA/EWC
GLD,V,1258,-1.8343068704480354,0.6129133141342509,-3.340995177409055,-1.8338441424371341,0.3637931304498109,-0.06551949188864029,162.86695565924975,0.8641385046472453,False,
KO,USO,1258,-1.7250182536146323,0.6653773886757084,-3.340995177409055,-1.7255911022834272,0.4179777328602246,-0.5891159145459391,145.90218200982153,0.8641385046472453,False,
GDX,KO,1258,-1.7225136074973093,0.6665402233331676,-3.340995177409055,-1.7215811999765185,0.4200288937879933,-1.4750587402792992,121.61935217944031,0.8641385046472453,False,
GLD,USO,1258,-1.705078455625787,0.674580832177761,-3.340995177409055,-1.704630432428882,0.42872833182154585,0.08869970562295675,184.73307911822542,0.8641385046472453,False,
EWG,USO,1258,-1.703069696288603,0.6755010600737777,-3.340995177409055,-1.7018505650646656,0.43015926318653247,-0.06917993112444884,156.4995914574473,0.8641385046472453,False,
CVX,USO,1258,-1.687901306628489,0.6824078637567417,-3.340995177409055,-1.6895451668099102,0.4365070119931387,-0.30599876472388593,175.96513185166398,0.8641385046472453,False,
GLD,MA,1258,-1.6777108506749303,0.68700572917525,-3.340995177409055,-1.6772245499103047,0.4428836190639812,-0.027969842206163754,181.3599921132011,0.8641385046472453,False,
KO,PEP,1258,-1.659438205575877,0.6951630716806231,-3.340995177409055,-1.658787054766881,0.45246184189751504,0.9144028063662413,159.56810979814762,0.8641385046472453,False,KO/PEP
MA,XLE,1258,-1.6578969539368231,0.6958459254755631,-3.340995177409055,-1.6521473003489473,0.4559207857757442,2.1878144451556296,136.22547446892398,0.8641385046472453,False,
EWJ,USO,1258,-1.65049088636713,0.6991157638288608,-3.340995177409055,-1.6494025490091735,0.4573520318136633,-0.07810275290325859,112.3613097287842,0.8641385046472453,False,
PEP,USO,1258,-1.6187283480035897,0.7129205183797684,-3.340995177409055,-1.6190451951077094,0.4732299010546814,-0.6264309080383132,145.42723023770102,0.8641385046472453,False,
GDX,XLE,1258,-1.610531129324988,0.7164244711825761,-3.340995177409055,-1.6067327456752623,0.4802106026151778,-1.4163840480134193,89.19549312018343,0.8641385046472453,False,
GLD,XLE,1258,-1.6003136724644598,0.7207575632247801,-3.340995177409055,-1.599802086794346,0.48369288774270974,-0.029404330769719465,189.80984479023644,0.8641385046472453,False,
CVX,PEP,1258,-1.5980838350077118,0.7216980917933038,-3.340995177409055,-1.597250470908801,0.48497451669047,1.0116881923983128,150.23156247680114,0.8641385046472453,False,
CVX,EWC,1258,-1.527383141782317,0.7505427162350302,-3.340995177409055,-1.5280238431150586,0.5196056200004378,1.618552471976781,200.99137090923645,0.887005028277763,False,
PEP,XLE,1258,-1.456511317986695,0.7774877399749214,-3.340995177409055,-1.4537917176267194,0.556233649593541,0.8030776510492231,152.22692551899536,0.8912798935502776,False,
GDX,USO,1258,-1.440354518201745,0.7833465153406822,-3.340995177409055,-1.4397439342202512,0.5630811382776165,1.29709663362683,258.34962569199655,0.8912798935502776,False,
GLD,XOM,1258,-1.434369539984348,0.7854897373421146,-3.340995177409055,-1.4338095637477741,0.5659644035910123,0.07203810998459564,213.83855921559385,0.8912798935502776,False,
GLD,KO,1258,-1.3839408822788897,0.8029648316614922,-3.340995177409055,-1.3833484959510955,0.5902325146556883,0.08989982314921971,219.35347335091438,0.8912798935502776,False,
GDX,XOM,1258,-1.367952162558447,0.8082870941449969,-3.340995177409055,-1.364750641065953,0.5990536471126032,-1.424548979840071,118.01742382636016,0.8912798935502776,False,
V,XOM,1258,-1.312270947257103,0.8260022203899307,-3.340995177409055,-1.3109036566959302,0.6241692309499687,2.092181606700458,158.08785210006903,0.8912798935502776,False,
MA,USO,1258,-1.3029056167117352,0.8288571478098488,-3.340995177409055,-1.302862829066485,0.6278615502132694,-1.4813249450178885,213.0810499558242,0.8912798935502776,False,
CVX,GLD,1258,-1.2907340349935932,0.8325141862832264,-3.340995177409055,-1.2928052613269752,0.6324574534263465,0.23182962743932328,302.5769491490387,0.8912798935502776,False,
PEP,XOM,1258,-1.1592868490941133,0.8682417403285713,-3.340995177409055,-1.1578728448492666,0.6914503234039264,0.8185241421353833,216.4745789086851,0.9106973980995243,False,
USO,V,1258,-1.14936150303413,0.8706667432380069,-3.340995177409055,-1.1382958077599685,0.6995609679222257,-0.0871697089988855,134.00352330975898,0.9106973980995243,False,
V,XLE,1258,-0.9345638560991889,0.9145716574678717,-3.340995177409055,-0.929850589768083,0.777983338883834,1.9217652644806003,218.79432275530118,0.945750236699731,False,
USO,XOM,1258,-0.7155217209255845,0.9449375114428656,-3.340995177409055,-0.7020443529211688,0.8462192935070579,-0.08301401504722929,250.8636401430652,0.9644697766911411,False,
GDX,GLD,1258,-0.5011015151176652,0.9642530615945808,-3.340995177409055,-0.49276774872550283,0.8934201116408527,1.452672311512762,518.1948762708075,0.9644697766911411,False,GLD/GDX
USO,XLE,1258,-0.49805465118973363,0.9644697766911411,-3.340995177409055,-0.48304233693111803,0.895283405618717,-0.0174926932302094,400.74210749079845,0.9644697766911411,False,USO/XLE
