entry,exit,window,sharpe,ann_return,max_drawdown,n_trades,win_rate
3.0,0.5,60,0.6832574930389902,0.01963446148455139,-0.03665477796615302,10,0.9
3.0,1.0,60,0.5455689402734611,0.014352901433208665,-0.04280622842431081,10,0.8
2.0,0.0,30,0.47376036834253227,0.003712517363819945,-0.008281347085191904,1,1.0
2.5,0.5,60,0.41462389281695844,0.016520789950562387,-0.08997710025917283,19,0.6842105263157895
1.5,0.5,120,0.3812003279159901,0.02976022742610618,-0.13522303230725052,19,0.5789473684210527
1.5,0.0,30,0.37342629681381057,0.0028974604575910945,-0.013405180248713622,1,1.0
2.5,0.5,120,0.32392526881187783,0.013841621801175874,-0.0653153492349755,9,0.6666666666666666
1.5,1.0,120,0.3172125714095352,0.022634590089459783,-0.11807042058892803,19,0.5789473684210527
2.5,1.0,120,0.30690947499741267,0.011560389343414634,-0.0653153492349755,9,0.7777777777777778
2.0,1.0,120,0.28193715151588833,0.01619055995586338,-0.07984958378314777,16,0.625
2.5,1.0,60,0.2786014978687654,0.009892452223448478,-0.087160209649225,19,0.5789473684210527
3.0,1.0,120,0.2499882492228222,0.007530386293322033,-0.045068849350804574,7,0.8571428571428571
2.0,0.5,120,0.24590429873602168,0.015588186292744277,-0.08745459940613698,16,0.625
3.0,0.5,120,0.23587740519203565,0.008170650944245628,-0.04826067517387833,7,0.7142857142857143
2.0,1.0,60,0.20889410116098017,0.010162315060558758,-0.12384531433958135,32,0.4375
2.0,0.5,60,0.18063804443572964,0.009807380880336725,-0.13280235698433351,32,0.5
3.0,0.0,30,0.174136759168902,0.00014693165912360584,-0.001000000000000112,1,1.0
1.5,0.5,60,0.15254135089699833,0.009981343937715659,-0.10792689349144813,41,0.43902439024390244
1.5,1.0,60,0.11528918268503593,0.006795644789011179,-0.12639214459494197,43,0.4418604651162791
2.5,1.0,30,0.09290904106569635,0.003810176198855597,-0.0797911486908438,37,0.40540540540540543
3.0,0.5,30,0.07737944341060456,0.0024078364843531652,-0.07175987129125194,16,0.5
2.0,0.0,120,0.06269172946495528,0.00466084272284828,-0.16725441385489714,1,1.0
3.0,1.0,30,0.0036829890425941706,9.59763992940399e-05,-0.06256698645985881,16,0.5
2.5,0.5,30,-0.006255657672958354,-0.000426416167149557,-0.2062624639464894,34,0.4411764705882353
2.5,0.0,120,-0.060078202925339476,-0.004118952917101737,-0.17059409866101638,1,0.0
2.0,0.5,30,-0.0680722043095128,-0.004805022611073184,-0.22153311501855744,59,0.4406779661016949
2.0,1.0,30,-0.08295079726131532,-0.004441038494537364,-0.14280543766282616,64,0.40625
1.5,0.0,120,-0.1541985213790503,-0.012462411272096463,-0.25880706421254085,1,0.0
3.0,0.0,120,-0.15754068259815474,-0.010542738114184269,-0.19253724462272337,1,0.0
2.0,0.0,60,-0.1843074055652932,-0.008518250166379193,-0.13757544852057357,1,0.0
2.5,0.0,60,-0.18545675488545627,-0.009493600647316747,-0.1539391948186789,1,0.0
1.5,0.0,60,-0.21803951945985212,-0.009302448608439318,-0.12361347883941676,1,0.0
2.5,0.0,30,-0.36344395216680486,-0.0013776726922314353,-0.012309332768800307,1,0.0
1.5,0.5,30,-0.39168696969686334,-0.028763495828926677,-0.2707883120962661,76,0.4473684210526316
3.0,0.0,60,-0.4076304623191768,-0.00014055019734060537,-0.0012620125582225583,1,0.0
1.5,1.0,30,-0.46801981265191916,-0.030153247239520176,-0.2826537032101336,90,0.4222222222222222
