fold_start,fold_end,pair,eg_pvalue,half_life,entry,train_sharpe,test_return,test_sharpe
2013-02-11,2013-08-09,XOM/CVX,0.08071147545300206,34.026831301809146,2.5,0.49291841550545057,0.0346159821700569,1.0477904842022707
2014-02-11,2014-08-08,GLD/GDX,0.09169347884713402,47.38373747794298,2.5,-0.14170870236690092,-0.0224157031801554,-1.3752155786915126
2014-08-11,2015-02-10,KO/PEP,0.031198052658064555,22.399422998279476,2.5,-0.1679807456522467,-0.03146992645103652,-1.0553878897533109
2015-02-11,2015-08-10,KO/PEP,0.00038923066130564166,13.206804554641991,1.5,-0.747074308475027,0.0,
2015-08-11,2016-02-10,KO/PEP,0.0007241073553415146,13.005741417169107,1.5,-0.7384283723722571,0.03933608965512225,1.1213950021368317
2016-02-11,2016-08-10,KO/PEP,0.017653202163113994,16.53946508554542,1.5,-0.5833258144709246,0.07540644832219145,2.1025686565448396
2016-08-11,2017-02-10,GLD/GDX,0.04986922334964135,15.829111771350254,2.5,-0.5913949453306381,-0.022945833955844264,-0.7717259782584244
2017-02-13,2017-08-10,EWA/EWC,0.0017726867294348984,13.7921877408713,2.5,-0.3664388118188834,0.006182945782132521,0.1839434899417272
2017-08-11,2018-02-09,EWA/EWC,0.039352690741991075,21.55489776830205,2.5,0.10351134722285997,-0.04963543717381602,-1.0330815994661373
2018-02-12,2018-08-10,EWJ/EWG,0.07625081851434598,16.03223571643622,1.5,-0.13712468823331683,-0.028244126895243582,-1.0336822185732626
2018-08-13,2019-02-08,V/MA,0.04788458102978708,22.101486141657656,2.0,0.22321668402983333,0.029649047023296404,1.4741607173719218
2019-02-11,2019-08-09,EWA/EWC,0.007197906284862719,16.970293210629787,1.5,0.07543074594637729,-0.012085529221902203,-0.29913656457027804
2019-08-12,2020-02-10,EWA/EWC,0.01372683858904195,18.493542984962872,2.0,0.2838133667498199,0.026472733867572984,1.2205651567699465
2020-02-11,2020-08-10,EWA/EWC,0.002612889449188881,13.28767029582882,2.0,-0.2728494400847876,-0.0363283934564852,-0.5860603595538696
2020-08-11,2021-02-10,USO/XLE,0.007715745966280699,52.776562174209644,2.0,0.6259449179128997,-0.001444051793957457,-0.04334846532327133
2021-02-11,2021-08-10,XOM/CVX,0.008117101608690634,14.754145065324462,2.0,0.0867746787458995,0.037583967122090556,1.0209331362192295
2021-08-11,2022-02-10,XOM/CVX,0.018691220645057755,15.575696169903138,2.0,-0.38337451526051014,-0.0353133332313621,-1.6129511893686919
2022-02-11,2022-08-10,XOM/CVX,0.019060371106697466,14.543506185992138,1.5,-0.6430148913074704,-0.061877279382575257,-0.8895881921748825
2022-08-11,2023-02-10,EWJ/EWG,0.06639122838856747,28.619502785359952,1.5,0.45116175272051345,0.0785864038415498,1.936413046828378
2023-02-13,2023-08-10,USO/XLE,0.0014889129875741234,39.92876818908908,1.5,0.7887574915282243,-0.025086202973517602,-0.6957591713901456
2023-08-11,2024-02-09,EWJ/EWG,0.023370429410692166,23.511860393967787,1.5,0.5490053384292374,0.004393839967573587,0.1808188383798619
2024-02-12,2024-08-09,V/MA,0.05918792164836758,21.077799282076306,2.5,-0.510163431512566,-0.0313861727828324,-1.1535363051620562
2024-08-12,2024-12-31,V/MA,0.016025583214718954,18.40294599485003,2.5,-0.3884489791545811,-0.009328917007066617,-0.47158235210206595
